infraction_code,infraction_description,location2,count
3.0,PARK ON PRIVATE PROPERTY,2075 BAYVIEW AVE,23353
5.0,PARK-SIGNED HWY-PROHIBIT DY/TM,20 EDWARD ST,12278
257.0,PARK CONTRARY POSTED CONDITION,1 BRIMLEY RD S,11034
207.0,PARK MACHINE-REQD FEE NOT PAID,15 MARINE PARADE DR,8204
417.0,STAND VEH.-PSGR LD ZN LD/UNLD,273 BLOOR ST W,7799
9.0,STOP-SIGNED HWY-PROHIBIT TM/DY,42 CHARLES ST E,6953
4.0,PARK ON MUNICIPAL PROPERTY,18 HENDON AVE,6901
8.0,STAND VEH.-PROHIBIT TIME/DAY,19 GRAND TRUNK CRES,5352
29.0,PARK PROHIBITED TIME NO PERMIT,100 MAITLAND ST,4329
134.0,PARK-SIGNED HWY-PUBLIC LANE,60 BLOOR ST W,4236
367.0,STND ONSTRT ACCESSIBLE NO PRMT,40 ORCHARD VIEW BLVD,3664
250.0,PARK IN PARK NOT IN DESIG AREA,1675 LAKE SHORE BLVD E,3212
265.0,PARK VEHICLE ON ROADWAY,1873 BLOOR ST W,3007
312.0,PARKING MACH-NOT USED/NO FEE,1155 KING ST W,2672
415.0,PARK COMMERC LOAD ZONE NOT LDG,24 BELLAIR ST,2551
403.0,STOP-SIGNED HIGHWAY-RUSH HOUR,33 COLLEGE ST,2221
320.0,PARK NON-BUS-BUS PK ZNE DY/TM,244 VICTORIA ST,1979
347.0,PARK IN A FIRE ROUTE,1090 DON MILLS RD,1967
6.0,PARK-SIGNED HWY-EXC PERMT TIME,2 SUSSEX AVE,1810
337.0,PARK - ON BOULEVARD,TROLLEY CRES,1779
90.0,PARK NON-MTRCYCLE IN MTRCYC SP,ALBERT ST,1666
2.0,PARK - LONGER THAN 3 HOURS,12 SUDBURY ST,1446
370.0,PARK/STAND UNAUTH VEH. CAR SHR,29 IRWIN AVE,1337
419.0,STAND NON-TAXI IN SIGNED STAND,70 YORK ST,1285
355.0,PARK IN ACCESSIBLE NO PERMIT,555 REXDALE BLVD,1225
192.0,STAND SIGNED TRANSIT STOP,720 QUEEN ST W,1224
15.0,PARK-WITHIN 3M OF FIRE HYDRANT,99 ATLANTIC AVE,1162
307.0,PARK VEHICLE OUTSIDE OF SPACE,1155 KING ST W,1111
406.0,PARK-VEH. W/O VALID ONT PLATE,15 MARINE PARADE DR,909
210.0,PARK FAIL TO DISPLAY RECEIPT,15 MARINE PARADE DR,881
99.0,STOP-NON-SCHL BUS IN SCHL LDZN,390 COLLEGE ST,841
16.0,PARK-WITHIN 9M INTERSECT ROAD,74 VICTORIA ST,823
28.0,PARK-N.YORK 2AM-6AM DEC1-MAR31,100 HARRISON GARDEN BLVD,803
30.0,STOP-(ON/OVER) (SIDEWK/FTPATH),185 FREDERICK ST,683
414.0,PARK VEH.-COMMERCIAL LOAD ZONE,PIPER ST,619
423.0,STOP VEH.RESRVD/DESIG LN TM/DY,1170 BAY ST,588
363.0,PARK ONSTRT ACCESSIBLE NO PRMT,52 STEWART ST,571
384.0,STOP VEH OTR THN BCYCL-BYCL LN,190 ELIZABETH ST,501
86.0,"PARK-SIGNED HWY-""T"" INTERSECTN",110 EDWARD ST,490
18.0,PARK-30.5M SIGNALIZED INTERSCT,106 VICTORIA ST,482
49.0,FAIL TO PARK/STOP PARALL. RGHT,PEARL ST,465
362.0,STND ACCESSIBLE LOAD NOT DRP/O,401 COLLEGE ST,443
402.0,STAND VEH.-SIGNED HWY-RUSH HR,3250 BLOOR ST W,440
369.0,STND ONSTRT ACCESSIBLE NOT D/O,40 ORCHARD VIEW BLVD,434
405.0,STOP-15M PEDESTRIAN X APPROACH,148 CUMBERLAND ST,434
21.0,PARK-30.5M FIRE HALL OPP SIDE,15 GROSVENOR ST,405
383.0,STOP NON-BICYCLE IN CYCLE TRCK,21 ADELAIDE ST W,395
48.0,FAIL TO PARK/STOP PARALL. CURB,76 PEARL ST,393
374.0,STND BUS-SIGNED HWY-PROH DY/TM,106 EDWARD ST,379
248.0,PARK VEHICLE WHILE NOT IN PARK,50 HENDON AVE,369
420.0,STAND TAXI-SIGNED STD-NOT HIRE,106 EDWARD ST,295
1.0,PARK FAIL TO DEPOSIT FEE METER,42 TARLTON RD,268
11.0,PARK/STOP RGHT WHLS > 30CM CRB,1235 BAY ST,262
357.0,PARK ACCESSIBLE NOT DROP OFF,555 REXDALE BLVD,224
372.0,PARK BUS-SIGNED HWY-PROH DY/TM,150 ELIZABETH ST,203
31.0,STOP-ROAD SIDE-STOP/PARK VEH.,5 ST JOSEPH ST,200
65.0,STOP - ON BRIDGE,ROWANWOOD AVE,194
314.0,PARK - NOT WITHIN PERIOD,45 ABELL ST,179
404.0,STOP-9 M PEDESTRIAN X BEYOND,200 ELIZABETH ST,173
313.0,PARK-FAIL TO ACTIVATE MACHINE,7 NORTON AVE,161
317.0,PARK/LEAVE CONTRARY TO SIGN,5 COLONEL SAMUEL SMITH PARK DR,150
70.0,STOP - ON CENTRE STRIP,82 PETER ST,142
68.0,STOP - IN UNDERPASS,OLD BREWERY LANE,133
83.0,PARK-SIGNED HWY-TURNING BASIN,25 CAPREOL CRT,129
416.0,STAND VEH.-PSGR LD ZN DAY TIME,273 BLOOR ST W,127
61.0,STOP-ALONGSIDE EXCAV./OBSTR.,WYATT AVE,122
17.0,PARK-SIGNED HWY-15M INTERSECTN,53 ST PAUL ST,119
364.0,STND ONSTRT ACCESSIBLE NO PRMT,38 ORCHARD VIEW BLVD,116
69.0,STOP - ON MIDDLE BOULEVARD,329 CHAPLIN CRES,110
57.0,STOP-WITHIN (INTERSCTN/PED X),80 GROSVENOR ST,92
356.0,STAND IN ACCESSIBLE NO PERMIT,21 HILLCREST AVE,83
85.0,PARK-15M OF DEAD END STREET,11 WILLISON SQ,69
360.0,STND ACCESSIBLE LOAD NO PERMIT,410 COLLEGE ST,61
14.0,PARK-OBSTRUCT (DRWAY/LANEWAY),26 MARKHAM ST,58
338.0,PARK - BETWEEN ROAD & SIDEWALK,5 BROOKMOUNT RD,52
37.0,PARK HEAVY (TRUCK/VEH.) TM/DY,OLD MILL RD,45
63.0,STOP-ACROSS FROM EXCAV./OBSTR.,280 SIMCOE ST,45
59.0,STOP - BESIDE SAFETY ZONE,125 BREMNER BLVD,44
336.0,PARK-FAIL TO DISPLAY PERMIT,DEWSON ST,39
262.0,STAND VEHICLE WHERE PROHIBITED,100 PRINCES BLVD,36
79.0,PARK-SIGNED HWY-LESS THAN 6M W,4 EVELYN WIGGINS DR,36
77.0,PARK-(FRNT/60 CM) DRWAY/LANEWY,212 GOWAN AVE,32
368.0,PARK ONSTRT ACCESSIBLE NOT D/O,21 HENDON AVE,30
339.0,PARK - BOULEVD NO VALID PLATES,QUEENS WHARF RD,30
408.0,PARK-15M MAILBOX SAME SIDE,180 DUNDAS ST W,28
434.0,PARK IN ELECTRIC VEHICLE SPACE,8 PALMERSTON AVE,28
322.0,STOP NON-BUS - BUS LOAD ZONE,244 VICTORIA ST,27
418.0,PARK TAXI FOR HIRE-UNAUTH LOC,40 SCOLLARD ST,26
407.0,PARK-W/O VALID NON-ONT PLATE,20 EDWARD ST,24
259.0,PARK ACC NO PERMIT,1 BRIMLEY RD S,23
266.0,PARK VEHICLE PROHIBITED TIME,1873 BLOOR ST W,21
211.0,PARK OTHER THAN METERED SPACE,168 PRINCESS ST,21
366.0,PARK ONSTRT ACCESSIBLE NO PRMT,25 BRUCEWOOD CRES,20
410.0,PARK/STAND CAR-SHARE VEH.-PERM,DOURO ST,20
51.0,FAIL ANGLE PARK/STOP AT 45 DEG,215 MAVETY ST,19
148.0,STOP UNAUTH VEHICLE VEND AREA,MELINDA ST,18
373.0,STOP BUS-SIGNED HWY-PROH DY/TM,100 QUEEN ST W,18
359.0,PARK ACCESSIBLE LOAD NO PERMIT,40 ORCHARD VIEW BLVD,17
308.0,PARK - 2 SPACES - NO FEE,271 FRONT ST E,17
340.0,PARK - ON FRONT YARD,43 ELM AVE,17
315.0,PARK-ISSUED CARD NOT DISPLAYED,31A PARLIAMENT ST,16
358.0,STAND ACCESSIBLE NOT DROP OFF,JAMES ST,15
263.0,PARK VEH LNGR THAN 20 MIN,11 WINDSOR ST,15
255.0,PARK OVERNIGHT NO PERMIT,256 CENTENNIAL PARK RD,13
20.0,PARK-7.5M FIRE HALL SAME SIDE,207 FRONT ST E,13
52.0,FAIL TO (PARK/STOP) ANGLE SPCE,36 BRENTWOOD RD N,12
365.0,STOP ONSTRT ACCESSIBLE NO PRMT,63 ROEHAMPTON AVE,12
365.0,STOP ONSTRT ACCESSIBLE NO PRMT,211 RANDOLPH RD,12
56.0,FAIL PARK/STP LEFT WHLS PARALL,WHYTOCK AVE,12
71.0,STOP-ADJACENT MID. BOUL. SIDE,48 MICMAC CRES,12
50.0,FAIL PARK/STP NEAR RIGHT LIMIT,ST LUKE LANE,11
209.0,PARK MACHINE-NOT IN PERMITD TM,201 CARLAW AVE,11
208.0,PARK MACHINE-FAIL TO ACTIVATE,70 DAN LECKIE WAY,11
82.0,PARK-PASSENGER/FREIGHT LOADING,15 PROVOST DR,10
133.0,STOP-MORE THAN 3H ON HWY VEND,640 ROSELAWN AVE,10
22.0,PARK-15M FAR SIDE OF CROSSWALK,DORIS AVE,9
387.0,PARK PRO VEH ON BICYCLE PATH,COLLEGE ST,9
361.0,PARK ACCESSIBLE LOAD NOT DRP/O,21 HENDON AVE,8
361.0,PARK ACCESSIBLE LOAD NOT DRP/O,40 ORCHARD VIEW BLVD,8
335.0,PARK MORE THAN 7DAYS NO PERMIT,70 FERMANAGH AVE,8
309.0,PARK-2 SPACES-NO FEE-MTR/MACH,271 FRONT ST E,7
38.0,PARK OTHER THAN METERED SPACE,227 VICTORIA ST,6
7.0,PARK/LEAVE-FIRE ROUTE,249 QUEENS QUAY W,6
74.0,STOP-ADJACENT CENTRE STRIP END,143 DANFORTH AVE,5
311.0,PARK-FEE NOT PD FOR TIME USED ,70 DISTILLERY LANE,4
55.0,PRK/STP LEFT WHLS CLSE TO LEFT,65 LILLIAN ST,4
267.0,STOP VEH - PROHIBITED TIME,21 COLLEGE ST,4
13.0,PARK VEH.-WASH/GREASE/REPAIR,20 TARSUS CRES,4
12.0,PARK VEHICLE - FOR SALE ,101 DUNDALK DR,4
205.0,STOP/STAND/PARK VEND NO PERMIT,1 BRIMLEY RD,4
12.0,PARK VEHICLE - FOR SALE,1 MICHAEL POWER PL,4
409.0,STOP-WITHIN 9M OF SCHOOL CROSS,127 RONCESVALLES AVE,4
58.0,STOP - WITHIN 9.0M OF XWALK,142 CUMBERLAND ST,4
401.0,PARK-SIGNED HWY-RUSH HOUR,2300 YONGE ST,4
435.0,PARK ELECT. VEH. NOT CONNECTED,8 PALMERSTON AVE,4
425.0,PARK MOTORCYCLE-MCHNE LT 45DEG,60 YONGE ST,3
78.0,PARK-15M OF RAILWAY TRK/X'ING,55 HYMUS RD,3
249.0,PARK VEHICLE LONGER THAN 24HR,31 ROXTON RD,3
301.0,PAR PARK - F TIRES NOT OPP MTR,1155 KING ST WEST,3
332.0,PARK NON-BUS-BUS PK SPC/MCHINE,167 DANFORTH AVE,3
342.0,PARK LT 0.3M FROM SIDEWALK,29 ST EMILION WAY,3
23.0,PARK-30.5M APPROACH TO CRSSWLK,DORIS AVE,3
260.0,STOP ACC NO PERMIT,1873 BLOOR ST W,3
81.0,PARK-PREVENT VEHICLE REMOVAL,27 SHERBOURNE ST N,2
132.0,STOP-MORE THAN 1H AT LOC VEND,1 JAMES ST,2
39.0,PARK MTRD EXCEEDS MAXIMUM TIME,LYNN WILLIAMS ST,2
353.0,PARK ONSTRT ACCESSIBLE NO PRMT,150 DAN LECKIE WAY,2
81.0,PARK-PREVENT VEHICLE REMOVAL,HOUSEY ST,2
39.0,PARK MTRD EXCEEDS MAXIMUM TIME,249 DUFFERIN ST,2
411.0,PARK UNAUTH. VEH IN E-VEH. STN,8 PALMERSTON AVE,2
333.0,PARK BUS PK SPC/MCHINE-PR TIME,77 ADELAIDE ST W,2
341.0,PARK - FR YARD NO VALID PLATES,1700 WILSON AVE,2
222.0,PARK VEH.-BLOCK STCAR SNOW RT,834 GERRARD ST E,2
353.0,PARK ONSTRT ACCESSIBLE NO PRMT,410 COLLEGE ST,2
251.0,LEAVE IN PARK NOT DESIG AREA,1005 BRIMLEY RD,2
345.0,PARK LT 0.3M FROM WINDOW,2625 WESTON RD,2
32.0,STAND VEHICLE-SIGNED HIGHWAY,4700 KEELE ST,2
54.0,PARK/STOP LEFT WHLS > 30CM LFT,132 CUMBERLAND ST,2
430.0,PARK-FAIL TO ACTIVATE METER,67 DUNCANNON DR,2
54.0,PARK/STOP LEFT WHLS > 30CM LFT,171 HURON ST,2
54.0,PARK/STOP LEFT WHLS > 30CM LFT,24 BELLAIR ST,2
54.0,PARK/STOP LEFT WHLS > 30CM LFT,52 HENRY ST,2
54.0,PARK/STOP LEFT WHLS > 30CM LFT,65 LILLIAN ST,2
54.0,PARK/STOP LEFT WHLS > 30CM LFT,FINCH AVE W,2
54.0,PARK/STOP LEFT WHLS > 30CM LFT,WYATT AVE,2
424.0,PARK BUS-FAIL TO ACTIV MACHINE,800 BAY ST,2
184.0,PARK-NOT WITHIN PERIOD,77 ADELAIDE ST W,2
33.0,STAND VEHICLE-SIGNED HIGHWAY-3,2075 BAYVIEW AV,2
319.0,PARK/LEAVE BUS CONTR. TO SIGN,255 KENNEDY AVE,2
424.0,PARK BUS-FAIL TO ACTIV MACHINE,390 BAY ST,2
424.0,PARK BUS-FAIL TO ACTIV MACHINE,330 BAY ST,2
430.0,PARK-FAIL TO ACTIVATE METER,1140 QUEEN ST E,2
424.0,PARK BUS-FAIL TO ACTIV MACHINE,1170 BAY ST,2
346.0,PARK LESS THAN 0.3M FROM WALL,3401 DUFFERIN ST,2
346.0,PARK LESS THAN 0.3M FROM WALL,2645 KIPLING AVE,2
310.0,PARK - METER NOT USED,58 HOWLAND AVENUE,1
310.0,PARK - METER NOT USED,675 MANNING AVE,1
310.0,PARK - METER NOT USED,410 COLLEGE ST,1
310.0,PARK - METER NOT USED,QUEENS QUAY E,1
304.0,PARK-FRONT OF VEH NOT OPP MTR,620 BLOOR ST W,1
302.0,PAR PARK-R OF VEH NOT OPP MTR,10 HARLANDALE AV,1
306.0,ANGLE PARK-TOO FAR FROM METER ,56 WARREN RD,1
304.0,PARK-FRONT OF VEH NOT OPP MTR,ADELAIDE ST W,1
305.0,PARK-F OF VEH TOO FAR FROM MTR,1168 DUNDS ST W,1
304.0,PARK-FRONT OF VEH NOT OPP MTR,520 BLOOR ST W,1
304.0,PARK-FRONT OF VEH NOT OPP MTR,500 FLEET ST,1
304.0,PARK-FRONT OF VEH NOT OPP MTR,405 SHERBOURNE ST,1
304.0,PARK-FRONT OF VEH NOT OPP MTR,355 SPADINA AVE,1
305.0,PARK-F OF VEH TOO FAR FROM MTR,30 TIPPET RD,1
304.0,PARK-FRONT OF VEH NOT OPP MTR,20 EATON AVE,1
305.0,PARK-F OF VEH TOO FAR FROM MTR,941 PROGRESS AVE,1
306.0,ANGLE PARK-TOO FAR FROM METER,799 MILNER AVE,1
304.0,PARK-FRONT OF VEH NOT OPP MTR,2 ADELAIDE ST W,1
310.0,PARK - METER NOT USED,40 ROLLING MILLS RD,1
303.0,PARK-R OF VEH TOO FAR FROM MTR,501 KINGTON RD,1
303.0,PARK-R OF VEH TOO FAR FROM MTR,363 ADELAIDE ST WEST,1
303.0,PARK-R OF VEH TOO FAR FROM MTR,265 ARMADALE AVE,1
302.0,PAR PARK-R OF VEH NOT OPP MTR,4576 YONGE ST,1
302.0,PAR PARK-R OF VEH NOT OPP MTR,271 FRONT ST EAST,1
302.0,PAR PARK-R OF VEH NOT OPP MTR,23 BEDFORD PARK AVE,1
304.0,PARK-FRONT OF VEH NOT OPP MTR,691 BLOOR ST WEST,1
310.0,PARK - METER NOT USED,110 DOVERCOURT RD,1
302.0,PAR PARK-R OF VEH NOT OPP MTR,1117 DUNDAS STREET WEST,1
310.0,PARK - METER NOT USED,150 DAN LECKIE WAY,1
302.0,PAR PARK-R OF VEH NOT OPP MTR,20 DELISLE AVE,1
351.0,PARK ACCESSIBLE LOAD NOT DRP/O,1155 KING ST W,1
318.0,PARK/LEAVE UNPD PARKING INV,100 QUEEN ST W,1
386.0,PARK PRO VEH ON PEDESTRIAN WAY,49 FELSTEAD AVE,1
385.0,PARK PRO VEH ON FOOTPATH,99 GERRARD ST E,1
385.0,PARK PRO VEH ON FOOTPATH,HURON ST,1
385.0,PARK PRO VEH ON FOOTPATH,LA PLANTE AVE,1
385.0,PARK PRO VEH ON FOOTPATH,ORDE ST,1
385.0,PARK PRO VEH ON FOOTPATH,ST NICHOLAS ST,1
386.0,PARK PRO VEH ON PEDESTRIAN WAY,109 WILTON ST,1
386.0,PARK PRO VEH ON PEDESTRIAN WAY,115 FELSTEAD AVE,1
386.0,PARK PRO VEH ON PEDESTRIAN WAY,116 FELSTEAD AVE,1
386.0,PARK PRO VEH ON PEDESTRIAN WAY,137 DRAYTON AVE,1
386.0,PARK PRO VEH ON PEDESTRIAN WAY,143 WESTMORELAND AVE,1
386.0,PARK PRO VEH ON PEDESTRIAN WAY,2 BELLWOODS PK,1
386.0,PARK PRO VEH ON PEDESTRIAN WAY,399 BELSIZE DR,1
386.0,PARK PRO VEH ON PEDESTRIAN WAY,43 HANNA AVE,1
386.0,PARK PRO VEH ON PEDESTRIAN WAY,559 COLLEGE ST,1
385.0,PARK PRO VEH ON FOOTPATH,79 HARBORD ST,1
386.0,PARK PRO VEH ON PEDESTRIAN WAY,67 YONGE ST,1
386.0,PARK PRO VEH ON PEDESTRIAN WAY,99 KINGSMOUNT PARK RD,1
386.0,PARK PRO VEH ON PEDESTRIAN WAY,CHISHOLM AVE,1
386.0,PARK PRO VEH ON PEDESTRIAN WAY,DOCKSIDE DR,1
386.0,PARK PRO VEH ON PEDESTRIAN WAY,GERRARD ST E,1
413.0,PARK E-VEH. IN EV SP EXCESS TM,172 BROADVIEW,1
413.0,PARK E-VEH. IN EV SP EXCESS TM,433 ROGERS RD,1
413.0,PARK E-VEH. IN EV SP EXCESS TM,585 UNIVERSITY AVE,1
413.0,PARK E-VEH. IN EV SP EXCESS TM,743 PAPE AVE,1
421.0,PARK MTRCYCLE ANGLE SP < 45DEG,150 CHARLES ST W,1
429.0,PARK BUS-METER-PROHIBITED TIME,220 BAY ST,1
432.0,PARK MOTORCYCLE-METER-GT 60DEG,1 BYNG AVE,1
437.0,PARK PRIVATE VEHICLE ON SITE,800 BOROUGH DR,1
385.0,PARK PRO VEH ON FOOTPATH,90 EGLINTON AVE E,1
385.0,PARK PRO VEH ON FOOTPATH,51 BULWER ST,1
318.0,PARK/LEAVE UNPD PARKING INV,150 DAN LECKIE WAY,1
349.0,PARK ACCESSIBLE NOT DROP OFF,4190 FINCH AVE E,1
318.0,PARK/LEAVE UNPD PARKING INV,35 BELLEVUE AVE,1
334.0,PARK BUS PK SPC/MCHINE-NOFEEPD,364 RICHMOND ST W,1
334.0,PARK BUS PK SPC/MCHINE-NOFEEPD,411 COLLEGE ST,1
334.0,PARK BUS PK SPC/MCHINE-NOFEEPD,600 BAY ST,1
334.0,PARK BUS PK SPC/MCHINE-NOFEEPD,90 ADELAIDE ST W,1
334.0,PARK BUS PK SPC/MCHINE-NOFEEPD,SHERBOURNE ST,1
343.0,PARK LT 0.3M FROM RES BLD DOOR,112 EARL PL,1
343.0,PARK LT 0.3M FROM RES BLD DOOR,265 MAIN ST,1
343.0,PARK LT 0.3M FROM RES BLD DOOR,401 COLLEGE ST,1
343.0,PARK LT 0.3M FROM RES BLD DOOR,800 LANSDOWNE AVE,1
343.0,PARK LT 0.3M FROM RES BLD DOOR,96 BEVERLEY ST,1
348.0,PARK IN ACCESSIBLE NO PERMIT,1750 FINCH AVE E,1
348.0,PARK IN ACCESSIBLE NO PERMIT,7 JONES AVE,1
350.0,PARK ACCESSIBLE LOAD NO PERMIT,5215 FINCH AVE EAST,1
385.0,PARK PRO VEH ON FOOTPATH,4 WHITAKER AVE,1
350.0,PARK ACCESSIBLE LOAD NO PERMIT,BVWJ021,1
261.0,PARK MTR REC VE NOT DESIG AREA,QUEEN'S PLATE DR,1
351.0,PARK ACCESSIBLE LOAD NOT DRP/O,65 COLONEL SAM SMITH PARK DR,1
354.0,PARK ONSTRT ACCESSIBLE NOT D/O,135 FORT YORK BLVD,1
354.0,PARK ONSTRT ACCESSIBLE NOT D/O,520 BLOOR ST W,1
354.0,PARK ONSTRT ACCESSIBLE NOT D/O,90 ADELAIDE ST,1
354.0,PARK ONSTRT ACCESSIBLE NOT D/O,JARVIS ST,1
385.0,PARK PRO VEH ON FOOTPATH,15 MARINE PARADE DR,1
385.0,PARK PRO VEH ON FOOTPATH,1500 WOODBINE AVE,1
385.0,PARK PRO VEH ON FOOTPATH,200 BALLIOL ST,1
385.0,PARK PRO VEH ON FOOTPATH,317 ADELAIDE ST W,1
385.0,PARK PRO VEH ON FOOTPATH,35 BULWER ST,1
385.0,PARK PRO VEH ON FOOTPATH,363 SPADINA AVE,1
261.0,PARK MTR REC VE NOT DESIG AREA,WIDDICOMBE HILL BLVD,1
150.0,PARK VEH BEYOND DESIG AREA,2252 DUNDAS ST W,1
261.0,PARK MTR REC VE NOT DESIG AREA,77 YORE RD,1
34.0,STAND VEHICLE SIGNED HIGHWAY 2,35 ERINDALE AVE,1
34.0,STAND VEHICLE SIGNED HIGHWAY 2,23 BEDFORD PK AVE,1
34.0,STAND VEHICLE SIGNED HIGHWAY 2,186 LAUDER AV,1
34.0,STAND VEHICLE SIGNED HIGHWAY 2,1030 KING ST W,1
34.0,STAND VEHICLE SIGNED HIGHWAY 2,1025 SCARLETT RD,1
26.0,PARK ON BOULEVARD,75 GRENOBLE DR,1
26.0,PARK - ON BOULEVARD,HARBORD ST,1
26.0,PARK - ON BOULEVARD,76 LEWIS ST,1
26.0,PARK - ON BOULEVARD,76 FOREST MANOR RD,1
26.0,PARK - ON BOULEVARD,613 KING ST W,1
26.0,PARK - ON BOULEVARD,49 WINDHILL CRES,1
26.0,PARK - ON BOULEVARD,34 ELWAY CT,1
26.0,PARK - ON BOULEVARD,17 RAMEAU DR,1
26.0,PARK - ON BOULEVARD,14 MUNRO PARK AVE,1
25.0,STAND SIGNED TAXICAB STAND,HUMBER BAY PARK EAST,1
25.0,STAND SIGNED TAXICAB STAND,ALBERT ST,1
25.0,STAND SIGNED TAXICAB STAND,7 BRISTOL AVE,1
25.0,STAND SIGNED TAXICAB STAND,159A LAPPIN AVE,1
19.0,PARK-FRONT OF BLDG ENTRY/EXIT,99 CAMERON ST,1
19.0,PARK-FRONT OF BLDG ENTRY/EXIT,95 PRINCE ARTHUR AVE,1
34.0,STAND VEHICLE SIGNED HIGHWAY 2,2765 ISLINGTON AVENUE,1
34.0,STAND VEHICLE SIGNED HIGHWAY 2,70 DISTILLERY LANE,1
261.0,PARK MTR REC VE NOT DESIG AREA,65 EMMETT AVE,1
35.0,STAND VEH-HWY-18.5 PST BSTP SM,1 BIGGIN CRT,1
41.0,PARALLEL PARK-METERED SPACE-RE,3330 BLOOR ST W,1
41.0,PARALLEL PARK-METERED SPACE-RE,31A PARLIAMENT ST,1
40.0,PARAL PRK-MTRD-FR WHLS NO OPP,773 BROADVIEW,1
40.0,PARAL PRK-MTRD-FR WHLS NO OPP,700 UNIVERSITY AVE,1
40.0,PARAL PRK-MTRD-FR WHLS NO OPP,621 OSSINGTON AVE,1
40.0,PARAL PRK-MTRD-FR WHLS NO OPP,62 DUNDAS ST E,1
40.0,PARAL PRK-MTRD-FR WHLS NO OPP,48 WHITEBRED CRESCENT,1
40.0,PARAL PRK-MTRD-FR WHLS NO OPP,41 BASIN ST,1
40.0,PARAL PRK-MTRD-FR WHLS NO OPP,301 KING ST W,1
40.0,PARAL PRK-MTRD-FR WHLS NO OPP,26 FORT YORK BLVD,1
40.0,PARAL PRK-MTRD-FR WHLS NO OPP,226 QUEEN ST W,1
40.0,PARAL PRK-MTRD-FR WHLS NO OPP,187 LEYTON AVE,1
40.0,PARAL PRK-MTRD-FR WHLS NO OPP,15 PROVOST DR,1
40.0,PARAL PRK-MTRD-FR WHLS NO OPP,1039 WOODBINE AV,1
36.0,STAND VEH HWY 30.5 BEF BST OPP,2 BRAHMS AVE,1
36.0,STAND VEH HWY 30.5 BEF BST OPP,175 TORYORK DR,1
35.0,STAND VEH-HWY-18.5 PST BSTP SM,3420 KINGSTON RD,1
35.0,STAND VEH-HWY-18.5 PST BSTP SM,30 FALSTAFF AVE,1
35.0,STAND VEH-HWY-18.5 PST BSTP SM,1750 FINCH AVE E,1
19.0,PARK-FRONT OF BLDG ENTRY/EXIT,89 WILLCOCKS ST,1
19.0,PARK-FRONT OF BLDG ENTRY/EXIT,83 PEARS AVE,1
19.0,PARK-FRONT OF BLDG ENTRY/EXIT,707 ST CLAIR AVE W,1
19.0,PARK-FRONT OF BLDG ENTRY/EXIT,63 BELLEVUE AVE,1
19.0,PARK-FRONT OF BLDG ENTRY/EXIT,10 STADIUM RD,1
19.0,PARK-FRONT OF BLDG ENTRY/EXIT,1 LEONARD AVE,1
19.0,PARK HWY ENTER/EXIT BLD ENCL,1534 EGLINTON AVE W,1
10.0,PARK UNAUTH VEH IN HDCPD SPACE,YONGE ST,1
10.0,PARK UNAUTH VEH IN HDCPD SPACE,699 ST CLAIR AVE W,1
10.0,PARK UNAUTH VEH IN HDCPD SPACE,60 ST GEORGE ST,1
10.0,PARK UNAUTH VEH IN HDCPD SPACE,510 B,1
10.0,PARK UNAUTH VEH IN HDCPD SPACE,500 REXDALE BLVD,1
10.0,PARK UNAUTH VEH IN HDCPD SPACE,500 KING ST W,1
10.0,PARK UNAUTH VEH IN HDCPD SPACE,5 LANARK AVE,1
10.0,PARK UNAUTH VEH IN HDCPD SPACE,410 COLLEGE ST,1
10.0,PARK UNAUTH VEH IN HDCPD SPACE,401 COLLEGE ST,1
10.0,PARK UNAUTH VEH IN HDCPD SPACE,295 ADELAIDE ST W,1
10.0,PARK UNAUTH VEH IN HDCPD SPACE,2625 WESTON RD,1
10.0,PARK UNAUTH VEH IN HDCPD SPACE,2625 WESTO RD,1
10.0,PARK UNAUTH VEH IN HDCPD SPACE,2245 ISLINGTON AVE,1
10.0,PARK UNAUTH VEH IN HDCPD SPACE,1530 ALBION RD,1
10.0,PARK UNAUTH VEH IN HDCPD SPACE,15 VIEWCREST CIR,1
10.0,PARK UNAUTH VEH IN HDCPD SPACE,1390 JANE ST,1
19.0,PARK-FRONT OF BLDG ENTRY/EXIT,11 VICTORY DR,1
19.0,PARK-FRONT OF BLDG ENTRY/EXIT,120 FRONT ST E,1
19.0,PARK-FRONT OF BLDG ENTRY/EXIT,142 COLLIER ST,1
19.0,PARK-FRONT OF BLDG ENTRY/EXIT,38 MCGILL ST,1
19.0,PARK-FRONT OF BLDG ENTRY/EXIT,61 WALMSLEY BLVD,1
19.0,PARK-FRONT OF BLDG ENTRY/EXIT,605 ROGERS RD,1
19.0,PARK-FRONT OF BLDG ENTRY/EXIT,580 COMMISSIONERS ST,1
19.0,PARK-FRONT OF BLDG ENTRY/EXIT,56 YONGE ST,1
19.0,PARK-FRONT OF BLDG ENTRY/EXIT,5453 YONGE ST,1
19.0,PARK-FRONT OF BLDG ENTRY/EXIT,51 RIVERDALE AVE,1
19.0,PARK-FRONT OF BLDG ENTRY/EXIT,455 FRONT ST E,1
19.0,PARK-FRONT OF BLDG ENTRY/EXIT,41 ANTRI CR,1
19.0,PARK-FRONT OF BLDG ENTRY/EXIT,341 QUEEN ST W,1
19.0,PARK-FRONT OF BLDG ENTRY/EXIT,1904 EGLINTON AVE W,1
19.0,PARK-FRONT OF BLDG ENTRY/EXIT,320 QUEEN ST W,1
19.0,PARK-FRONT OF BLDG ENTRY/EXIT,312 QUEEN ST W,1
19.0,PARK-FRONT OF BLDG ENTRY/EXIT,31 SPRINGHURST AVE,1
19.0,PARK-FRONT OF BLDG ENTRY/EXIT,3 WOODLOT CRES,1
19.0,PARK-FRONT OF BLDG ENTRY/EXIT,287 ASHDALE AVE,1
19.0,PARK-FRONT OF BLDG ENTRY/EXIT,24 BELLWOODS AVE,1
19.0,PARK-FRONT OF BLDG ENTRY/EXIT,23 BERNARD AVE,1
19.0,PARK-FRONT OF BLDG ENTRY/EXIT,2 1/2 PALMERSTON AVE,1
41.0,PARALLEL PARK-METERED SPACE-RE,613 KING ST W,1
43.0,PARALLEL PARK-METERED SPACE-FR,100 KING ST W,1
43.0,PARALLEL PARK-METERED SPACE-FR,120 BREMNER BLVD,1
87.0,PARK MOTORCYCLE-METER-LT 45DEG,2397 BLOOR ST W,1
150.0,PARK VEH BEYOND DESIG AREA,363 KING ST W,1
150.0,PARK VEH BEYOND DESIG AREA,2342 BLOOR ST W,1
150.0,PARK VEH BEYOND DESIG AREA,1807 EGLINTON AVE,1
150.0,PARK VEH BEYOND DESIG AREA,1516 DUNDAS ST W,1
150.0,PARK VEH BEYOND DESIG AREA,150 DAN LECKIE WAY,1
150.0,PARK VEH BEYOND DESIG AREA,1352 QUEEN ST E,1
150.0,PARK VEH BEYOND DESIG AREA,1170 DUNDAS ST W,1
150.0,PARK VEH BEYOND DESIG AREA,1102 BLOOR ST W,1
149.0,STOP/STAND/PARK DESIGNATE AREA,5915 YONGE ST,1
149.0,STOP/STAND/PARK DESIGNATE AREA,502 SPADINA AVE,1
147.0,STOP/STAND/PARK - NO VEND ZONE,700 LAWRENCE AVE W,1
147.0,STOP/STAND/PARK - NO VEND ZONE,1305 LAWRENCE AVE W,1
142.0,PARK PROHIBITED DAY/TIME,289 DNFORTH AVE,1
142.0,PARK PROHIBITED DAY/TIME,2236A KINGSTON RD,1
131.0,STOP PROH TIME MUTUAL STREET,LANEWAY BETWEEN BATHURST ST,1
130.0,STOP PROH TIME MUTUAL STREET,KENNEDY RD,1
89.0,PARK MOTORCYCLE - IN SPACE,31 MERCER ST,1
87.0,PARK MOTORCYCLE-METER-LT 45DEG,50 HILLSBORO AVE,1
87.0,PARK MOTORCYCLE-METER-LT 45DEG,34 WESTERN BATTERY RD,1
150.0,PARK VEH BEYOND DESIG AREA,77 ADELAIDE ST W,1
151.0,PARK VEH BEYOND DESIG AREA,14 HANSON RD,1
152.0,PARK VEHICLE/MOTORCYCLE .3M S,2175 QUEEN ST E,1
212.0,PARK EXCEEDS MAXIMUM TIME,265 DURIE ST,1
261.0,PARK MTR REC VE NOT DESIG AREA,40 EDINBURGH DR,1
261.0,PARK MTR REC VE NOT DESIG AREA,2560 LAKE SHORE BLVD W,1
261.0,PARK MTR REC VE NOT DESIG AREA,1 DEWBOURNE AVE,1
224.0,PARK VEH.-PROHIBITED AREA SNOW,115 HAREWOOD AVE,1
220.0,PARK VEH.-STRTCAR TRK SNOW RT,DUNDAS ST E,1
220.0,PARK VEH.-STRTCAR TRK SNOW RT,273 BLOOR ST W,1
220.0,PARK VEH.-STRTCAR TRK SNOW RT,220 DANFORTH AVE,1
220.0,PARK VEH.-STRTCAR TRK SNOW RT,220 BLOOR ST W,1
212.0,PARK EXCEEDS MAXIMUM TIME,2170 BAYVIEW AV,1
157.0,STAND VEHICLE UNATTENDED,3145 LAKE SHORE BOULEVARD WEST,1
212.0,PARK EXCEEDS MAXIMUM TIME,20 DELISLE AVE,1
206.0,STOP/STAND/PARK NOT DESIG AREA,30 ST DENNIS DR,1
203.0,STAND HANDICAP LOADING ZONE,3145 LAKE SHORE BLVD W,1
197.0,PARK NOT WITHIN PERMITTED TIME,1550 EGLINTON AVE W,1
193.0,STOP PROHIBITED TIME - WOOD ST,1227 DUNDAS STREET WEST,1
182.0,PARK - NO FEE FOR PERIOD USED,282 DOVERCOURT RD,1
182.0,PARK - NO FEE FOR PERIOD USED,1971 QUEEN ST E,1
182.0,PARK - NO FEE FOR PERIOD USED,1546A EGLINTON AVE W,1
87.0,PARK MOTORCYCLE-METER-LT 45DEG,2425 BLOOR ST W,1
87.0,PARK MOTORCYCLE-METER-LT 45DEG,2365 BLOOR ST W,1
44.0,PARALLEL PARK-METERED SPACE-FR,246 BROOKE AVE,1
87.0,PARK MOTORCYCLE-METER-LT 45DEG,2362 BLOOR ST W,1
72.0,STOP-ADJACENT MID. BOUL. END,121 DANFORTH AVE,1
72.0,STOP-ADJACENT MID. BOUL. END,100 FRONT ST W,1
67.0,STOP - IN TUNNEL,YORK ST,1
66.0,STOP - ON ELEVATED STRUCTURE,RIVER ST,1
60.0,STOP-WITHIN 15M OF SAFETY ZONE,SUMMERHILL GDNS,1
60.0,STOP-WITHIN 15M OF SAFETY ZONE,LESLIE STREET,1
60.0,STOP-WITHIN 15M OF SAFETY ZONE,60 LAUREL AVE,1
60.0,STOP-WITHIN 15M OF SAFETY ZONE,60 COLBORNE ST,1
60.0,STOP-WITHIN 15M OF SAFETY ZONE,403 DELAWARE AVE,1
60.0,STOP-WITHIN 15M OF SAFETY ZONE,25 THE ESPLANADE,1
60.0,STOP-WITHIN 15M OF SAFETY ZONE,20 MARKET ST,1
60.0,STOP-WITHIN 15M OF SAFETY ZONE,195 ST CLAIR AVE W,1
53.0,FAIL TO PARK/STOP PARALLEL TO,35 SARANAC BLVD,1
46.0,PARK-PART OF VEH OTSDMTRD SPC,947 KINGSTON RD,1
46.0,PARK-PART OF VEH OTSDMTRD SPC,58 MACAULAY AVE,1
46.0,PARK-PART OF VEH OTSDMTRD SPC,534 EGLINTON AVE W,1
45.0,ANGLE PARK-METERED SPACE-FRONT,4950 YONGE ST,1
45.0,ANGLE PARK-METERED SPACE-FRONT,273 BLOOR ST W,1
44.0,PARALLEL PARK-METERED SPACE-FR,265 WILLARD AVE,1
72.0,STOP-ADJACENT MID. BOUL. END,461 UNIVERSITY AVE,1
72.0,STOP-ADJACENT MID. BOUL. END,7 LOVEKIN GRV,1
72.0,STOP-ADJACENT MID. BOUL. END,LAWRENCE AVE E,1
80.0,PARK-ALONGSIDE (RAILWAY/CROSS),CHERRY ST,1
87.0,PARK MOTORCYCLE-METER-LT 45DEG,2273 BLOOR ST W,1
87.0,PARK MOTORCYCLE-METER-LT 45DEG,2186 BLOOR ST W,1
87.0,PARK MOTORCYCLE-METER-LT 45DEG,187 RONCESVALLES AVE,1
87.0,PARK MOTORCYCLE-METER-LT 45DEG,16 LAIDLAW ST,1
87.0,PARK MOTORCYCLE-METER-LT 45DEG,1585 DUNDAS ST W,1
87.0,PARK MOTORCYCLE-METER-LT 45DEG,1205 BLOOR ST W,1
84.0,PARK-INTERF W FUNERAL PROCESS.,25 THE ESPLANADE,1
84.0,PARK-INTERF W FUNERAL PROCESS.,2161 QUEEN ST E,1
80.0,PARK-ALONGSIDE (RAILWAY/CROSS),228 RONCESVALLES AVE,1
73.0,STOP-ADJACENT CNTRE STRIP SIDE,100 BRENOBLE DR,1
80.0,PARK-ALONGSIDE (RAILWAY/CROSS),110 EDWARD ST,1
80.0,PARK-ALONGSIDE (RAILWAY/CROSS),101 CUMBERLAND ST,1
80.0,PARK-ALONGSIDE (RAILWAY/CROSS),1 OAK ST,1
73.0,STOP-ADJACENT CNTRE STRIP SIDE,RICHMOND ST E,1
73.0,STOP-ADJACENT CNTRE STRIP SIDE,80 FRONT ST E,1
73.0,STOP-ADJACENT CNTRE STRIP SIDE,638 TRETHEWEY DR,1
73.0,STOP-ADJACENT CNTRE STRIP SIDE,505 UNIVERSITY AVE,1
73.0,STOP-ADJACENT CNTRE STRIP SIDE,100 FRONT ST W,1
437.0,PARK PRIVATE VEHICLE ON SITE,95 THORNCLIFFE PARK DR,1
